Designator,Footprint,Quantity,Value,LCSC Part #,Link
"BOOT, RESET",SW-SMD_L3.9-W3.0-P4.45,2,TS-1088-AR02016,C720477,https://www.lcsc.com/product-detail/C720477.html?s_z=n_q_TS-1088-AR02016&spm=wm.fly.bg.0.xh&lcsc_vid=FgNbXwUEQVNfUgECT1gMUwEDRwUIAwVfFQUMUQBTRVIxVlNeQFdWV1ZQRFdXUzsOAxUeFF5JWBYZEEoKFBINSQcJGk4%3D
"C1, C28, C29, C30",402,4,1uF,,https://www.lcsc.com/product-detail/C52923.html?s_z=n_q_CL05A105KA5NQNC&spm=wm.fly.bg.0.xh&lcsc_vid=FgNbXwUEQVNfUgECT1gMUwEDRwUIAwVfFQUMUQBTRVIxVlNeQFdWV1ZeTlVYUjsOAxUeFF5JWBYZEEoKFBINSQcJGk4NBhADEA4cHktQQlBADxALGw%3D%3D
"C10, C11, C13",805,3,22uF,,https://www.lcsc.com/product-detail/C45783.html?s_z=n_q_CL21A226MAQNNNE&spm=wm.fly.bg.0.xh&lcsc_vid=FgNbXwUEQVNfUgECT1gMUwEDRwUIAwVfFQUMUQBTRVIxVlNeQFdWV1dURlBXUjsOAxUeFF5JWBYZEEoKFBINSQcJGk4NBhADEA4cHktXRlVcSQwSGg0%3D
"C12, C2, C38, C9",603,4,10uF,,https://www.lcsc.com/product-detail/C19702.html?s_z=n_q_CL10A106KP8NNNC&spm=wm.fly.bg.0.xh&lcsc_vid=FgNbXwUEQVNfUgECT1gMUwEDRwUIAwVfFQUMUQBTRVIxVlNeQFdWV1BRQ1lbUjsOAxUeFF5JWBYZEEoKFBINSQcJGk4NBhADEA4cHktXRlVcSQwSGg0%3D
"C14, C15, C19, C20, C21, C22, C23, C24, C25, C26, C27, C37",201,12,100nF,,https://www.lcsc.com/product-detail/C76934.html?s_z=n_q_GRM033R61A104KE15D&spm=wm.fly.bg.0.xh&lcsc_vid=FgNbXwUEQVNfUgECT1gMUwEDRwUIAwVfFQUMUQBTRVIxVlNeQFdWV1BfRFRZUjsOAxUeFF5JWBYZEEoKFBINSQcJGk4NBhADEA4cHktXRlVcSQwSGg0%3D
C16,603,1,2.2uF,,https://www.lcsc.com/product-detail/C23630.html?s_z=n_q_CL10A225KO8NNNC&spm=wm.fly.bg.0.xh&lcsc_vid=FgNbXwUEQVNfUgECT1gMUwEDRwUIAwVfFQUMUQBTRVIxVlNeQFdWV1FXRlJYUzsOAxUeFF5JWBYZEEoKFBINSQcJGk4NBhADEA4cHktXRlVcSQwSGg0%3D
"C17, C18",402,2,22uF,,https://www.lcsc.com/product-detail/C415703.html?s_z=n_q_GRM155R60J226ME11D&spm=wm.fly.bg.0.xh&lcsc_vid=FgNbXwUEQVNfUgECT1gMUwEDRwUIAwVfFQUMUQBTRVIxVlNeQFdWV1FVRlBbUTsOAxUeFF5JWBYZEEoKFBINSQcJGk4NBhADEA4cHktXRlVcSQwSGg0%3D
"C3, C31, C5",402,3,10uF,,https://www.lcsc.com/product-detail/C15525.html?s_z=n_q_CL05A106MQ5NUNC&spm=wm.fly.bg.0.xh&lcsc_vid=FgNbXwUEQVNfUgECT1gMUwEDRwUIAwVfFQUMUQBTRVIxVlNeQFdWV1dSQVRYUTsOAxUeFF5JWBYZEEoKFBINSQcJGk4NBhADEA4cHktXRlVcSQwSGg0%3D
C32,201,1,2.2uF,,https://www.lcsc.com/product-detail/C319184.html?s_z=n_q_2.2uF%252010V%2520X5R%25200201&spm=wm.fly.bg.0.xh&lcsc_vid=FgNbXwUEQVNfUgECT1gMUwEDRwUIAwVfFQUMUQBTRVIxVlNeQFZYV1BQQFhcVzsOAxUeFF5JWBYZEEoKFBINSQcJGk4dAgUUFAk%3D
"C33, C34",201,2,20pF,,https://www.lcsc.com/product-detail/C325444.html?s_z=n_q_CC0201JRNPO9BN200&spm=wm.fly.bg.0.xh&lcsc_vid=FgNbXwUEQVNfUgECT1gMUwEDRwUIAwVfFQUMUQBTRVIxVlNeQFdWV1JUT1BcVjsOAxUeFF5JWBYZEEoKFBINSQcJGk4NBhADEA4cHktXRlVcSQwSGg0%3D
"C35, C36",201,2,6.8pF,,https://www.lcsc.com/product-detail/C85916.html?s_z=n_q_GRM0335C1H6R8CA01D&spm=wm.fly.bg.0.xh&lcsc_vid=FgNbXwUEQVNfUgECT1gMUwEDRwUIAwVfFQUMUQBTRVIxVlNeQFdWV1JSQlNZVzsOAxUeFF5JWBYZEEoKFBINSQcJGk4NBhADEA4cHktXRlVcSQwSGg0%3D
"C39, C40, C41, C45, C46",603,5,100nf,,https://www.lcsc.com/product-detail/C14663.html?s_z=n_q_CC0603KRX7R9BB104&spm=wm.fly.bg.0.xh&lcsc_vid=FgNbXwUEQVNfUgECT1gMUwEDRwUIAwVfFQUMUQBTRVIxVlNeQFdWV1JRT1VbUzsOAxUeFF5JWBYZEEoKFBINSQcJGk4NBhADEA4cHktXRlVcSQwSGg0%3D
C4,201,1,47nF,,https://www.lcsc.com/product-detail/C505465.html?s_z=n_q_CC0201KRX5R7BB473&spm=wm.fly.bg.0.xh&lcsc_vid=FgNbXwUEQVNfUgECT1gMUwEDRwUIAwVfFQUMUQBTRVIxVlNeQFdWV1dQTlZYUzsOAxUeFF5JWBYZEEoKFBINSQcJGk4NBhADEA4cHktXRlVcSQwSGg0%3D
C6,603,1,44uF,,https://www.lcsc.com/product-detail/C3794525.html?s_z=n_q_44%2520uF&spm=wm.fly.bg.0.xh&lcsc_vid=FgNbXwUEQVNfUgECT1gMUwEDRwUIAwVfFQUMUQBTRVIxVlNeQFdXVF1RRVhYVzsOAxUeFF5JWBYZEEoKFBINSQcJGk4NBhADEA4cHktXRlhXSQwSGg0%3D
"C7, C8",805,2,10uF,,https://www.lcsc.com/product-detail/C440198.html?s_z=n_q_GRM21BR61H106KE43L&spm=wm.fly.bg.0.xh&lcsc_vid=FgNbXwUEQVNfUgECT1gMUwEDRwUIAwVfFQUMUQBTRVIxVlNeQFdWV1dfQlJfVzsOAxUeFF5JWBYZEEoKFBINSQcJGk4NBhADEA4cHktXRlVcSQwSGg0%3D
CARD1,TF-SMD_TF-01A,1,TF-01A,C91145,https://www.lcsc.com/product-detail/C2889258.html?s_z=n_q_TF-01A&spm=wm.fly.bg.0.xh&lcsc_vid=FgNbXwUEQVNfUgECT1gMUwEDRwUIAwVfFQUMUQBTRVIxVlNeQFdWV1NTT1dbVzsOAxUeFF5JWBYZEEoKFBINSQcJGk4NBhADEA4cHktXRlVcSQwSGg0%3D
D1,402,1,LED,,https://www.lcsc.com/product-detail/C965793.html?s_z=n_q_XL-1005UGC&spm=wm.fly.bg.0.xh&lcsc_vid=FgNbXwUEQVNfUgECT1gMUwEDRwUIAwVfFQUMUQBTRVIxVlNeQFdWV1NeR1lWVDsOAxUeFF5JWBYZEEoKFBINSQcJGk4NBhADEA4cHktRQFJADxALGw%3D%3D
D2,LED_WS2812B-2020_PLCC4_2.0x2.0mm,1,WS2812B-2020,,https://www.aliexpress.us/item/3256812215746950.html?spm=a2g0o.productlist.main.1.179628e6a0iLXy&algo_pvid=fb2e529b-b642-49e9-ac2a-7ce69e470f4f&algo_exp_id=fb2e529b-b642-49e9-ac2a-7ce69e470f4f-0&pdp_ext_f=%7B%22order%22%3A%222%22%2C%22eval%22%3A%221%22%2C%22fromPage%22%3A%22search%22%7D&pdp_npi=6%40dis%21USD%213.64%213.09%21%21%2124.30%2120.65%21%402101ef5e17877527155554961e0d2c%2112000058278809802%21sea%21US%217130607314%21X%211%210%21n_tag%3A-29919%3Bd%3A894a1d6a%3Bm03_new_user%3A-29895&curPageLogUid=OtKo3ZWj1teS&utparam-url=scene%3Asearch%7Cquery_from%3A%7Cx_object_id%3A1005012402061702%7C_p_origin_prod%3A&_gl=1*1ejlbkr*_gcl_aw*R0NMLjE3ODc1MDQzNzUuQ2p3S0NBand0S3JVQmhBaEVpd0FyNzdab2c3WHJES3JPeU1fNGhkQjFoT3YxRWtOSU95YlZLaEZDa0xYbm9OaFJRVDdJbkx6T0pvcTZCb0N3TTRRQXZEX0J3RQ..*_gcl_dc*R0NMLjE3ODc1MDQzNzUuQ2p3S0NBand0S3JVQmhBaEVpd0FyNzdab2c3WHJES3JPeU1fNGhkQjFoT3YxRWtOSU95YlZLaEZDa0xYbm9OaFJRVDdJbkx6T0pvcTZCb0N3TTRRQXZEX0J3RQ..*_gcl_au*ODY4OTkwODM1LjE3ODQzMDkzMjA.*_ga*MTQxMDkyNTMzMC4xNzg3NzUxMDE5*_ga_VED1YSGNC7*czE3ODc3NTEwMTgkbzEkZzEkdDE3ODc3NTI3MTckajU2JGwwJGgw
"J1, J6, J7",TerminalBlock_Xinya_XY308-2.54-2P_1x02_P2.54mm_Horizontal,3,Screw_Terminal_01x02,,https://tinyurl.com/4t54j69v
"J2, J3, J4, J5",PinHeader_1x03_P2.54mm_Vertical,4,Conn_01x03,,https://tinyurl.com/u3jnrvzz
J8,JST_BM05B-GHS-TBT_LF__SN__N_,1,BM05B-GHS-TBT_LF__SN__N_,,https://tinyurl.com/397bn54r
L4,L0603,1,FCM1608KF-601T03,C141723,https://www.lcsc.com/product-detail/C141723.html?s_z=n_q_FCM1608KF-601T03&spm=wm.fly.bg.0.xh&lcsc_vid=FgNbXwUEQVNfUgECT1gMUwEDRwUIAwVfFQUMUQBTRVIxVlNeQFdXVFVWQlddUTsOAxUeFF5JWBYZEEoKFBINSQcJGk4dAgUUFAk%3D
L5,L2520,1,DFE252012F-1R0M=P2,C435392,https://www.lcsc.com/product-detail/C435392.html?s_z=n_q_DFE252012F-1R0M%253DP2&spm=wm.fly.bg.0.xh&lcsc_vid=FgNbXwUEQVNfUgECT1gMUwEDRwUIAwVfFQUMUQBTRVIxVlNeQFdXVFVUQFZWVjsOAxUeFF5JWBYZEEoKFBINSQcJGk4NBhADEA4cHktXRlZeSQwSGg0%3D
L6,IND-SMD_L4.0-W4.0-A,1,XFL4020-152MEC,C3033018,https://www.lcsc.com/product-detail/C3033018.html?s_z=n_q_XFL4020-152MEC&spm=wm.fly.bg.0.xh&lcsc_vid=FgNbXwUEQVNfUgECT1gMUwEDRwUIAwVfFQUMUQBTRVIxVlNeQFdXVFVST1BbUTsOAxUeFF5JWBYZEEoKFBINSQcJGk4NBhADEA4cHktXRllfSQwSGg0%3D
L7,IND-SMD_L3.0-W3.0,1,YHNR3015-5R6M,C18236327,https://www.lcsc.com/product-detail/C18236327.html?s_z=n_q_YHNR3015-5R6M&spm=wm.fly.bg.0.xh&lcsc_vid=FgNbXwUEQVNfUgECT1gMUwEDRwUIAwVfFQUMUQBTRVIxVlNeQFdXVFZWQldeUjsOAxUeFF5JWBYZEEoKFBINSQcJGk4NBhADEA4cHktXRllfSQwSGg0%3D
"Q1, Q2",SOT-23,2,AO3400A,,https://www.lcsc.com/product-detail/C20917.html?s_z=n_q_p_Transistor_FET%253AAO3400A&spm=wm.ssy.bg.0.xh&lcsc_vid=FgNbXwUEQVNfUgECT1gMUwEDRwUIAwVfFQUMUQBTRVIxVlNeQFZbV1NWTlFbVzsOAxUeFF5JWBYZEEoKFBINSQcJGk4eFQsCAgIaSgADAwAHC0slRldZVlVIHxUDCw%3D%3D
"R1, R2",201,2,5.1K,,https://www.lcsc.com/product-detail/C270344.html?s_z=n_q_0201WMF5101TEE&spm=wm.fly.bg.0.xh&lcsc_vid=FgNbXwUEQVNfUgECT1gMUwEDRwUIAwVfFQUMUQBTRVIxVlNeQFdXVFZVT1leVzsOAxUeFF5JWBYZEEoKFBINSQcJGk4NBhADEA4cHktXRllfSQwSGg0%3D
"R10, R11, R12, R13, R16, R17, R18, R19, R20, R21, R22, R23, R26, R28, R30, R6, R7, R8, R9",201,19,10K,,https://www.lcsc.com/product-detail/C7467266.html?s_z=n_q_FRC0201J103%2520TS&spm=wm.fly.bg.0.xh&lcsc_vid=FgNbXwUEQVNfUgECT1gMUwEDRwUIAwVfFQUMUQBTRVIxVlNeQFdXVF1SR1BeUzsOAxUeFF5JWBYZEEoKFBINSQcJGk4NBhADEA4cHktXRlhXSQwSGg0%3D
R14,402,1,100K,,https://www.lcsc.com/product-detail/C25741.html?s_z=n_q_0402WGF1003TCE&spm=wm.fly.bg.0.xh&lcsc_vid=FgNbXwUEQVNfUgECT1gMUwEDRwUIAwVfFQUMUQBTRVIxVlNeQFdXVFdXR1FeVjsOAxUeFF5JWBYZEEoKFBINSQcJGk4NBhADEA4cHktXRlhXSQwSGg0%3D
R15,402,1,22.1K,,https://www.lcsc.com/product-detail/C43473.html?s_z=n_q_0402WGF2212TCE&spm=wm.fly.bg.0.xh&lcsc_vid=FgNbXwUEQVNfUgECT1gMUwEDRwUIAwVfFQUMUQBTRVIxVlNeQFdXVFdVQ1dfXjsOAxUeFF5JWBYZEEoKFBINSQcJGk4NBhADEA4cHktXRlhXSQwSGg0%3D
"R24, R29",201,2,100K,,https://www.lcsc.com/product-detail/C60491.html?s_z=n_q_t_100K&spm=wm.fly.bg.0.xh___wm.ssy.tc.0.tz&lcsc_vid=FgNbXwUEQVNfUgECT1gMUwEDRwUIAwVfFQUMUQBTRVIxVlNeQFZbV1NeRlhdUTsOAxUeFF5JWBYZEEoKFBINSQcJGk4NBhADEA4cHktXR1NbSQwSGg0%3D
"R25, R27, R31",201,3,100,,https://www.lcsc.com/product-detail/C304499.html?s_z=n_q_RC-01W1000FT&spm=wm.fly.bg.0.xh&lcsc_vid=FgNbXwUEQVNfUgECT1gMUwEDRwUIAwVfFQUMUQBTRVIxVlNeQFdXVFdRRlJfVDsOAxUeFF5JWBYZEEoKFBINSQcJGk4NBhADEA4cHktXRlhXSQwSGg0%3D
R3,201,1,.383k,,https://www.lcsc.com/product-detail/C166212.html?s_z=n_q_RTT013833FTH&spm=wm.fly.bg.0.xh&lcsc_vid=FgNbXwUEQVNfUgECT1gMUwEDRwUIAwVfFQUMUQBTRVIxVlNeQFdXVFZRQldaUjsOAxUeFF5JWBYZEEoKFBINSQcJGk4NBhADEA4cHktXRlhXSQwSGg0%3D
R4,201,1,5.23K,,https://www.lcsc.com/product-detail/C423492.html?s_z=n_q_RES%25205.23k%25CE%25A9%2520%25C2%25B11%2525%252050mW%25200201&spm=wm.fly.bg.0.xh&lcsc_vid=FgNbXwUEQVNfUgECT1gMUwEDRwUIAwVfFQUMUQBTRVIxVlNeQFZbVVBQRllcUDsOAxUeFF5JWBYZEEoKFBINSQcJGk4eFQsCAgIaSgADAwAHC0slRFJcUlBQWQkaCgg%3D
R5,201,1,30.1K,,https://www.lcsc.com/product-detail/C273278.html?s_z=n_q_RC0201FR-0730K1L&spm=wm.fly.bg.0.xh&lcsc_vid=FgNbXwUEQVNfUgECT1gMUwEDRwUIAwVfFQUMUQBTRVIxVlNeQFdXVFZfRFZYVzsOAxUeFF5JWBYZEEoKFBINSQcJGk4eFQsCAgIaSgADAwAHC0slRldYVVVUWQkaCgg%3D
U1,LQFP-64_10x10mm_P0.5mm,1,STM32F722RETx,,https://www.lcsc.com/product-detail/C118207.html?s_z=n_q_STM32F722RET6&spm=wm.fly.bg.0.cbh&lcsc_vid=FgNbXwUEQVNfUgECT1gMUwEDRwUIAwVfFQUMUQBTRVIxVlNeQFdXVFJeQFNXUTsOAxUeFF5JWBYZEEoKFBINSQcJGk4NBhADEA4cHktXRlRbSQwSGg0%3D
U2,VFQFPN-24_L4.0-W4.0-P0.50-BL-EP2.8,1,BQ25883RGER,C544362,https://www.lcsc.com/product-detail/C544362.html?s_z=n_q_BQ25883RGER&spm=wm.fly.bg.0.xh&lcsc_vid=FgNbXwUEQVNfUgECT1gMUwEDRwUIAwVfFQUMUQBTRVIxVlNeQFdXVFdfT1JcVTsOAxUeFF5JWBYZEEoKFBINSQcJGk4NBhADEA4cHktXRlhXSQwSGg0%3D
U3,LGA-14_L3.0-W2.5-P0.50-TL,1,ICM-45686,C22459454,https://www.lcsc.com/product-detail/C22459454.html?s_z=n_q_ICM-45686&spm=wm.fly.bg.0.xh&lcsc_vid=FgNbXwUEQVNfUgECT1gMUwEDRwUIAwVfFQUMUQBTRVIxVlNeQFdXVFBURlZcVDsOAxUeFF5JWBYZEEoKFBINSQcJGk4NBhADEA4cHktXQVBYSQwSGg0%3D
U4,LGA-10_L2.0-W2.0-P0.50-TL_BMP580,1,BMP580,C22391138,https://www.lcsc.com/product-detail/C22391138.html?s_z=n_q_BMP580&spm=wm.fly.bg.0.xh&lcsc_vid=FgNbXwUEQVNfUgECT1gMUwEDRwUIAwVfFQUMUQBTRVIxVlNeQFdXVFBfQFleVTsOAxUeFF5JWBYZEEoKFBINSQcJGk4NBhADEA4cHktXRVRfSQwSGg0%3D
U5,VQFN-HR-15_L3.0-W2.5-P0.50-BL_TPS63070RNMR,1,TPS63070RNMR,C109322,https://www.lcsc.com/product-detail/C109322.html?s_z=n_q_TPS63070RNMR&spm=wm.fly.bg.0.xh&lcsc_vid=FgNbXwUEQVNfUgECT1gMUwEDRwUIAwVfFQUMUQBTRVIxVlNeQFdXVFFXQFdfUzsOAxUeFF5JWBYZEEoKFBINSQcJGk4NBhADEA4cHkteTlVADxALGw%3D%3D
U6,SOT-23-6,1,LMR51430,,https://www.lcsc.com/product-detail/C5219261.html?s_z=n_q_LMR51430YFDDCR&spm=wm.fly.bg.0.xh&lcsc_vid=FgNbXwUEQVNfUgECT1gMUwEDRwUIAwVfFQUMUQBTRVIxVlNeQFdXVFFSR1NeXzsOAxUeFF5JWBYZEEoKFBINSQcJGk4NBhADEA4cHktXR1NXSQwSGg0%3D
USB1,USB-C-SMD_TYPE-C-6PIN-2MD-073,1,TYPE-C 16PIN 2MD(073),C2765186,https://www.lcsc.com/product-detail/C2765186.html?s_z=n_q_TYPE-C%252016PIN%25202MD%28073%29&spm=wm.fly.bg.0.xh&lcsc_vid=FgNbXwUEQVNfUgECT1gMUwEDRwUIAwVfFQUMUQBTRVIxVlNeQFdXVFFTQ1RWVTsOAxUeFF5JWBYZEEoKFBINSQcJGk4NBhADEA4cHktXR1NXSQwSGg0%3D
X1,CRYSTAL-SMD_4P-L3.2-W2.5-BL,1,X322525MOB4SI,C9006,https://www.lcsc.com/product-detail/C9006.html?s_z=n_q_X322525MOB4SI&spm=wm.fly.bg.0.xh&lcsc_vid=FgNbXwUEQVNfUgECT1gMUwEDRwUIAwVfFQUMUQBTRVIxVlNeQFdXVFFRT1BWVzsOAxUeFF5JWBYZEEoKFBINSQcJGk4NBhADEA4cHkteQ1NADxALGw%3D%3D
X2,FC-135R_L3.2-W1.5,1,Q13FC1350000400,C32346,https://www.lcsc.com/product-detail/C32346.html?s_z=n_q_Q13FC13500004&spm=wm.fly.bg.0.xh&lcsc_vid=FgNbXwUEQVNfUgECT1gMUwEDRwUIAwVfFQUMUQBTRVIxVlNeQFdXVFJUQFlbXjsOAxUeFF5JWBYZEEoKFBINSQcJGk4NBhADEA4cHktXRlRbSQwSGg0%3D